review,sentiment
This app is incredibly useful and well-designed.,positive
The best app in its category by far.,positive
Customer support is non-existent.,negative
Buggy and unreliable. Needs a lot of work.,negative
Excellent performance and beautiful UI.,positive
Five stars! It's everything I needed.,positive
This app is incredibly useful and well-designed.,positive
Loved the new features in the recent update!,positive
Five stars! It's everything I needed.,positive
Too many ads make it unusable.,negative
Customer support is non-existent.,negative
Too many ads make it unusable.,negative
Works like a charm on my phone.,positive
Downloaded it yesterday and already loving it.,positive
Too many ads make it unusable.,negative
Disappointed with the lack of basic features.,negative
Support team was very helpful and quick.,positive
"Amazing experience, highly recommend it.",positive
Bad UI and very confusing navigation.,negative
Doesn't work on my device at all.,negative
Five stars! It's everything I needed.,positive
Crashes frequently and loses my data.,negative
Not what was promised in the description.,negative
Not what was promised in the description.,negative
Downloaded it yesterday and already loving it.,positive
Excellent performance and beautiful UI.,positive
Excellent performance and beautiful UI.,positive
Not what was promised in the description.,negative
Customer support is non-existent.,negative
Doesn't work on my device at all.,negative
Support team was very helpful and quick.,positive
This app is incredibly useful and well-designed.,positive
Crashes frequently and loses my data.,negative
Takes forever to load and freezes often.,negative
Bad UI and very confusing navigation.,negative
Five stars! It's everything I needed.,positive
Disappointed with the lack of basic features.,negative
"Smooth and fast, no bugs at all.",positive
Too many ads make it unusable.,negative
Buggy and unreliable. Needs a lot of work.,negative
Loved the new features in the recent update!,positive
The best app in its category by far.,positive
Crashes frequently and loses my data.,negative
Takes forever to load and freezes often.,negative
Too many ads make it unusable.,negative
Loved the new features in the recent update!,positive
Crashes frequently and loses my data.,negative
Too many ads make it unusable.,negative
"Amazing experience, highly recommend it.",positive
"Amazing experience, highly recommend it.",positive
Customer support is non-existent.,negative
Excellent performance and beautiful UI.,positive
Loved the new features in the recent update!,positive
The best app in its category by far.,positive
Disappointed with the lack of basic features.,negative
I regret installing this. Total waste.,negative
Five stars! It's everything I needed.,positive
Takes forever to load and freezes often.,negative
"Smooth and fast, no bugs at all.",positive
Five stars! It's everything I needed.,positive
Excellent performance and beautiful UI.,positive
Takes forever to load and freezes often.,negative
Bad UI and very confusing navigation.,negative
Buggy and unreliable. Needs a lot of work.,negative
"Amazing experience, highly recommend it.",positive
"Amazing experience, highly recommend it.",positive
Loved the new features in the recent update!,positive
I regret installing this. Total waste.,negative
This app is incredibly useful and well-designed.,positive
Five stars! It's everything I needed.,positive
"Smooth and fast, no bugs at all.",positive
Customer support is non-existent.,negative
This app is incredibly useful and well-designed.,positive
Crashes frequently and loses my data.,negative
Support team was very helpful and quick.,positive
Support team was very helpful and quick.,positive
Excellent performance and beautiful UI.,positive
Five stars! It's everything I needed.,positive
Not what was promised in the description.,negative
This app is incredibly useful and well-designed.,positive
This app is incredibly useful and well-designed.,positive
Support team was very helpful and quick.,positive
Buggy and unreliable. Needs a lot of work.,negative
"Amazing experience, highly recommend it.",positive
Too many ads make it unusable.,negative
Five stars! It's everything I needed.,positive
Disappointed with the lack of basic features.,negative
Crashes frequently and loses my data.,negative
Customer support is non-existent.,negative
Buggy and unreliable. Needs a lot of work.,negative
Takes forever to load and freezes often.,negative
Works like a charm on my phone.,positive
Not what was promised in the description.,negative
Five stars! It's everything I needed.,positive
The best app in its category by far.,positive
Too many ads make it unusable.,negative
"Amazing experience, highly recommend it.",positive
Customer support is non-existent.,negative
Excellent performance and beautiful UI.,positive
"Smooth and fast, no bugs at all.",positive
Bad UI and very confusing navigation.,negative
Support team was very helpful and quick.,positive
Excellent performance and beautiful UI.,positive
"Smooth and fast, no bugs at all.",positive
This app is incredibly useful and well-designed.,positive
Takes forever to load and freezes often.,negative
Customer support is non-existent.,negative
Takes forever to load and freezes often.,negative
Doesn't work on my device at all.,negative
This app is incredibly useful and well-designed.,positive
Too many ads make it unusable.,negative
I regret installing this. Total waste.,negative
Buggy and unreliable. Needs a lot of work.,negative
Buggy and unreliable. Needs a lot of work.,negative
Bad UI and very confusing navigation.,negative
"Amazing experience, highly recommend it.",positive
Buggy and unreliable. Needs a lot of work.,negative
Five stars! It's everything I needed.,positive
"Amazing experience, highly recommend it.",positive
Downloaded it yesterday and already loving it.,positive
Takes forever to load and freezes often.,negative
Downloaded it yesterday and already loving it.,positive
Support team was very helpful and quick.,positive
Takes forever to load and freezes often.,negative
Five stars! It's everything I needed.,positive
I regret installing this. Total waste.,negative
Not what was promised in the description.,negative
Buggy and unreliable. Needs a lot of work.,negative
Disappointed with the lack of basic features.,negative
Takes forever to load and freezes often.,negative
Takes forever to load and freezes often.,negative
Not what was promised in the description.,negative
Buggy and unreliable. Needs a lot of work.,negative
Loved the new features in the recent update!,positive
Crashes frequently and loses my data.,negative
Doesn't work on my device at all.,negative
"Smooth and fast, no bugs at all.",positive
Downloaded it yesterday and already loving it.,positive
Crashes frequently and loses my data.,negative
Support team was very helpful and quick.,positive
Disappointed with the lack of basic features.,negative
Disappointed with the lack of basic features.,negative
Bad UI and very confusing navigation.,negative
Works like a charm on my phone.,positive
Bad UI and very confusing navigation.,negative
The best app in its category by far.,positive
Crashes frequently and loses my data.,negative
Buggy and unreliable. Needs a lot of work.,negative
Bad UI and very confusing navigation.,negative
The best app in its category by far.,positive
Loved the new features in the recent update!,positive
This app is incredibly useful and well-designed.,positive
Five stars! It's everything I needed.,positive
Excellent performance and beautiful UI.,positive
Not what was promised in the description.,negative
Too many ads make it unusable.,negative
Too many ads make it unusable.,negative
Loved the new features in the recent update!,positive
Customer support is non-existent.,negative
Crashes frequently and loses my data.,negative
Customer support is non-existent.,negative
Support team was very helpful and quick.,positive
This app is incredibly useful and well-designed.,positive
Customer support is non-existent.,negative
This app is incredibly useful and well-designed.,positive
Not what was promised in the description.,negative
Takes forever to load and freezes often.,negative
Works like a charm on my phone.,positive
Not what was promised in the description.,negative
Customer support is non-existent.,negative
Customer support is non-existent.,negative
This app is incredibly useful and well-designed.,positive
Support team was very helpful and quick.,positive
Customer support is non-existent.,negative
Support team was very helpful and quick.,positive
Not what was promised in the description.,negative
Support team was very helpful and quick.,positive
Buggy and unreliable. Needs a lot of work.,negative
"Amazing experience, highly recommend it.",positive
The best app in its category by far.,positive
Downloaded it yesterday and already loving it.,positive
Customer support is non-existent.,negative
Downloaded it yesterday and already loving it.,positive
Works like a charm on my phone.,positive
Bad UI and very confusing navigation.,negative
The best app in its category by far.,positive
Excellent performance and beautiful UI.,positive
Disappointed with the lack of basic features.,negative
I regret installing this. Total waste.,negative
Customer support is non-existent.,negative
The best app in its category by far.,positive
Downloaded it yesterday and already loving it.,positive
Buggy and unreliable. Needs a lot of work.,negative
Buggy and unreliable. Needs a lot of work.,negative
Too many ads make it unusable.,negative
Doesn't work on my device at all.,negative
"Smooth and fast, no bugs at all.",positive
Disappointed with the lack of basic features.,negative
Loved the new features in the recent update!,positive
Customer support is non-existent.,negative
Customer support is non-existent.,negative
Works like a charm on my phone.,positive
Disappointed with the lack of basic features.,negative
Loved the new features in the recent update!,positive
Too many ads make it unusable.,negative
Takes forever to load and freezes often.,negative
Doesn't work on my device at all.,negative
"Amazing experience, highly recommend it.",positive
Five stars! It's everything I needed.,positive
Support team was very helpful and quick.,positive
Five stars! It's everything I needed.,positive
Works like a charm on my phone.,positive
Five stars! It's everything I needed.,positive
Buggy and unreliable. Needs a lot of work.,negative
Disappointed with the lack of basic features.,negative
Downloaded it yesterday and already loving it.,positive
Downloaded it yesterday and already loving it.,positive
Bad UI and very confusing navigation.,negative
Bad UI and very confusing navigation.,negative
Loved the new features in the recent update!,positive
I regret installing this. Total waste.,negative
Crashes frequently and loses my data.,negative
Not what was promised in the description.,negative
Five stars! It's everything I needed.,positive
Disappointed with the lack of basic features.,negative
Excellent performance and beautiful UI.,positive
This app is incredibly useful and well-designed.,positive
The best app in its category by far.,positive
"Smooth and fast, no bugs at all.",positive
Loved the new features in the recent update!,positive
Buggy and unreliable. Needs a lot of work.,negative
Too many ads make it unusable.,negative
Takes forever to load and freezes often.,negative
Too many ads make it unusable.,negative
Loved the new features in the recent update!,positive
"Amazing experience, highly recommend it.",positive
Doesn't work on my device at all.,negative
I regret installing this. Total waste.,negative
Support team was very helpful and quick.,positive
Customer support is non-existent.,negative
The best app in its category by far.,positive
The best app in its category by far.,positive
Bad UI and very confusing navigation.,negative
Works like a charm on my phone.,positive
Customer support is non-existent.,negative
This app is incredibly useful and well-designed.,positive
Not what was promised in the description.,negative
Customer support is non-existent.,negative
Doesn't work on my device at all.,negative
Disappointed with the lack of basic features.,negative
Support team was very helpful and quick.,positive
Support team was very helpful and quick.,positive
Loved the new features in the recent update!,positive
Customer support is non-existent.,negative
Not what was promised in the description.,negative
Disappointed with the lack of basic features.,negative
Five stars! It's everything I needed.,positive
Takes forever to load and freezes often.,negative
Crashes frequently and loses my data.,negative
"Amazing experience, highly recommend it.",positive
I regret installing this. Total waste.,negative
Loved the new features in the recent update!,positive
Loved the new features in the recent update!,positive
Excellent performance and beautiful UI.,positive
Crashes frequently and loses my data.,negative
Downloaded it yesterday and already loving it.,positive
Works like a charm on my phone.,positive
"Smooth and fast, no bugs at all.",positive
Excellent performance and beautiful UI.,positive
The best app in its category by far.,positive
Customer support is non-existent.,negative
Customer support is non-existent.,negative
Too many ads make it unusable.,negative
Excellent performance and beautiful UI.,positive
Excellent performance and beautiful UI.,positive
Loved the new features in the recent update!,positive
This app is incredibly useful and well-designed.,positive
This app is incredibly useful and well-designed.,positive
"Amazing experience, highly recommend it.",positive
Five stars! It's everything I needed.,positive
Doesn't work on my device at all.,negative
Disappointed with the lack of basic features.,negative
I regret installing this. Total waste.,negative
Works like a charm on my phone.,positive
Customer support is non-existent.,negative
Support team was very helpful and quick.,positive
Customer support is non-existent.,negative
Five stars! It's everything I needed.,positive
Excellent performance and beautiful UI.,positive
The best app in its category by far.,positive
Takes forever to load and freezes often.,negative
Bad UI and very confusing navigation.,negative
Loved the new features in the recent update!,positive
Loved the new features in the recent update!,positive
Not what was promised in the description.,negative
Works like a charm on my phone.,positive
Excellent performance and beautiful UI.,positive
Buggy and unreliable. Needs a lot of work.,negative
Support team was very helpful and quick.,positive
Too many ads make it unusable.,negative
Disappointed with the lack of basic features.,negative
Doesn't work on my device at all.,negative
Support team was very helpful and quick.,positive
I regret installing this. Total waste.,negative
Takes forever to load and freezes often.,negative
The best app in its category by far.,positive
Disappointed with the lack of basic features.,negative
I regret installing this. Total waste.,negative
Not what was promised in the description.,negative
Excellent performance and beautiful UI.,positive
The best app in its category by far.,positive
The best app in its category by far.,positive
Customer support is non-existent.,negative
Not what was promised in the description.,negative
Works like a charm on my phone.,positive
Bad UI and very confusing navigation.,negative
Support team was very helpful and quick.,positive
Works like a charm on my phone.,positive
Not what was promised in the description.,negative
Support team was very helpful and quick.,positive
Support team was very helpful and quick.,positive
I regret installing this. Total waste.,negative
Crashes frequently and loses my data.,negative
Not what was promised in the description.,negative
Not what was promised in the description.,negative
The best app in its category by far.,positive
The best app in its category by far.,positive
Not what was promised in the description.,negative
"Amazing experience, highly recommend it.",positive
Disappointed with the lack of basic features.,negative
Loved the new features in the recent update!,positive
Disappointed with the lack of basic features.,negative
Bad UI and very confusing navigation.,negative
Too many ads make it unusable.,negative
Not what was promised in the description.,negative
Crashes frequently and loses my data.,negative
"Amazing experience, highly recommend it.",positive
"Smooth and fast, no bugs at all.",positive
"Amazing experience, highly recommend it.",positive
Doesn't work on my device at all.,negative
"Amazing experience, highly recommend it.",positive
Five stars! It's everything I needed.,positive
Loved the new features in the recent update!,positive
Doesn't work on my device at all.,negative
Excellent performance and beautiful UI.,positive
Takes forever to load and freezes often.,negative
I regret installing this. Total waste.,negative
Excellent performance and beautiful UI.,positive
Too many ads make it unusable.,negative
Five stars! It's everything I needed.,positive
Crashes frequently and loses my data.,negative
I regret installing this. Total waste.,negative
Loved the new features in the recent update!,positive
"Smooth and fast, no bugs at all.",positive
Takes forever to load and freezes often.,negative
Support team was very helpful and quick.,positive
Crashes frequently and loses my data.,negative
Excellent performance and beautiful UI.,positive
Too many ads make it unusable.,negative
Doesn't work on my device at all.,negative
Bad UI and very confusing navigation.,negative
Works like a charm on my phone.,positive
Takes forever to load and freezes often.,negative
Loved the new features in the recent update!,positive
Not what was promised in the description.,negative
Not what was promised in the description.,negative
Works like a charm on my phone.,positive
Too many ads make it unusable.,negative
This app is incredibly useful and well-designed.,positive
Disappointed with the lack of basic features.,negative
Disappointed with the lack of basic features.,negative
Takes forever to load and freezes often.,negative
Works like a charm on my phone.,positive
Works like a charm on my phone.,positive
Works like a charm on my phone.,positive
The best app in its category by far.,positive
Too many ads make it unusable.,negative
Doesn't work on my device at all.,negative
Doesn't work on my device at all.,negative
This app is incredibly useful and well-designed.,positive
"Amazing experience, highly recommend it.",positive
"Amazing experience, highly recommend it.",positive
"Smooth and fast, no bugs at all.",positive
Takes forever to load and freezes often.,negative
This app is incredibly useful and well-designed.,positive
Customer support is non-existent.,negative
Bad UI and very confusing navigation.,negative
Doesn't work on my device at all.,negative
"Amazing experience, highly recommend it.",positive
Buggy and unreliable. Needs a lot of work.,negative
Downloaded it yesterday and already loving it.,positive
Takes forever to load and freezes often.,negative
Support team was very helpful and quick.,positive
Customer support is non-existent.,negative
Loved the new features in the recent update!,positive
Bad UI and very confusing navigation.,negative
Five stars! It's everything I needed.,positive
Crashes frequently and loses my data.,negative
This app is incredibly useful and well-designed.,positive
Bad UI and very confusing navigation.,negative
"Smooth and fast, no bugs at all.",positive
Support team was very helpful and quick.,positive
Five stars! It's everything I needed.,positive
Excellent performance and beautiful UI.,positive
Crashes frequently and loses my data.,negative
Doesn't work on my device at all.,negative
This app is incredibly useful and well-designed.,positive
Disappointed with the lack of basic features.,negative
Excellent performance and beautiful UI.,positive
Works like a charm on my phone.,positive
Customer support is non-existent.,negative
Downloaded it yesterday and already loving it.,positive
Five stars! It's everything I needed.,positive
Bad UI and very confusing navigation.,negative
Support team was very helpful and quick.,positive
This app is incredibly useful and well-designed.,positive
Customer support is non-existent.,negative
The best app in its category by far.,positive
Bad UI and very confusing navigation.,negative
Five stars! It's everything I needed.,positive
Doesn't work on my device at all.,negative
Support team was very helpful and quick.,positive
Downloaded it yesterday and already loving it.,positive
Five stars! It's everything I needed.,positive
Bad UI and very confusing navigation.,negative
Takes forever to load and freezes often.,negative
The best app in its category by far.,positive
Takes forever to load and freezes often.,negative
Bad UI and very confusing navigation.,negative
This app is incredibly useful and well-designed.,positive
Not what was promised in the description.,negative
This app is incredibly useful and well-designed.,positive
Five stars! It's everything I needed.,positive
Bad UI and very confusing navigation.,negative
Too many ads make it unusable.,negative
Buggy and unreliable. Needs a lot of work.,negative
Five stars! It's everything I needed.,positive
Works like a charm on my phone.,positive
Takes forever to load and freezes often.,negative
Excellent performance and beautiful UI.,positive
Disappointed with the lack of basic features.,negative
This app is incredibly useful and well-designed.,positive
Excellent performance and beautiful UI.,positive
Not what was promised in the description.,negative
I regret installing this. Total waste.,negative
"Smooth and fast, no bugs at all.",positive
Takes forever to load and freezes often.,negative
Five stars! It's everything I needed.,positive
Support team was very helpful and quick.,positive
This app is incredibly useful and well-designed.,positive
"Smooth and fast, no bugs at all.",positive
Works like a charm on my phone.,positive
This app is incredibly useful and well-designed.,positive
This app is incredibly useful and well-designed.,positive
Downloaded it yesterday and already loving it.,positive
Excellent performance and beautiful UI.,positive
Not what was promised in the description.,negative
Support team was very helpful and quick.,positive
Support team was very helpful and quick.,positive
Doesn't work on my device at all.,negative
Bad UI and very confusing navigation.,negative
"Amazing experience, highly recommend it.",positive
I regret installing this. Total waste.,negative
This app is incredibly useful and well-designed.,positive
"Amazing experience, highly recommend it.",positive
"Amazing experience, highly recommend it.",positive
"Smooth and fast, no bugs at all.",positive
This app is incredibly useful and well-designed.,positive
The best app in its category by far.,positive
This app is incredibly useful and well-designed.,positive
This app is incredibly useful and well-designed.,positive
Excellent performance and beautiful UI.,positive
Too many ads make it unusable.,negative
Loved the new features in the recent update!,positive
Disappointed with the lack of basic features.,negative
Five stars! It's everything I needed.,positive
Excellent performance and beautiful UI.,positive
Works like a charm on my phone.,positive
Loved the new features in the recent update!,positive
Disappointed with the lack of basic features.,negative
Support team was very helpful and quick.,positive
The best app in its category by far.,positive
Downloaded it yesterday and already loving it.,positive
"Smooth and fast, no bugs at all.",positive
Loved the new features in the recent update!,positive
"Smooth and fast, no bugs at all.",positive
I regret installing this. Total waste.,negative
Bad UI and very confusing navigation.,negative
Downloaded it yesterday and already loving it.,positive
Not what was promised in the description.,negative
Five stars! It's everything I needed.,positive
Takes forever to load and freezes often.,negative
Customer support is non-existent.,negative
"Amazing experience, highly recommend it.",positive
Loved the new features in the recent update!,positive
Too many ads make it unusable.,negative
Takes forever to load and freezes often.,negative
Takes forever to load and freezes often.,negative
Downloaded it yesterday and already loving it.,positive
Not what was promised in the description.,negative
"Smooth and fast, no bugs at all.",positive
Five stars! It's everything I needed.,positive
Works like a charm on my phone.,positive
Loved the new features in the recent update!,positive
Support team was very helpful and quick.,positive
I regret installing this. Total waste.,negative
The best app in its category by far.,positive
I regret installing this. Total waste.,negative
Doesn't work on my device at all.,negative
This app is incredibly useful and well-designed.,positive
"Amazing experience, highly recommend it.",positive
Works like a charm on my phone.,positive
Support team was very helpful and quick.,positive
Doesn't work on my device at all.,negative
"Smooth and fast, no bugs at all.",positive
Takes forever to load and freezes often.,negative
Customer support is non-existent.,negative
This app is incredibly useful and well-designed.,positive
Buggy and unreliable. Needs a lot of work.,negative
Doesn't work on my device at all.,negative
Excellent performance and beautiful UI.,positive
"Smooth and fast, no bugs at all.",positive
"Smooth and fast, no bugs at all.",positive
Crashes frequently and loses my data.,negative
The best app in its category by far.,positive
This app is incredibly useful and well-designed.,positive
Doesn't work on my device at all.,negative
I regret installing this. Total waste.,negative
Works like a charm on my phone.,positive
Disappointed with the lack of basic features.,negative
Doesn't work on my device at all.,negative
Bad UI and very confusing navigation.,negative
"Amazing experience, highly recommend it.",positive
Disappointed with the lack of basic features.,negative
"Amazing experience, highly recommend it.",positive
Buggy and unreliable. Needs a lot of work.,negative
Five stars! It's everything I needed.,positive
"Smooth and fast, no bugs at all.",positive
Crashes frequently and loses my data.,negative
Support team was very helpful and quick.,positive
Disappointed with the lack of basic features.,negative
Loved the new features in the recent update!,positive
Not what was promised in the description.,negative
"Smooth and fast, no bugs at all.",positive
Too many ads make it unusable.,negative
Disappointed with the lack of basic features.,negative
Takes forever to load and freezes often.,negative
Excellent performance and beautiful UI.,positive
Too many ads make it unusable.,negative
Excellent performance and beautiful UI.,positive
Buggy and unreliable. Needs a lot of work.,negative
Customer support is non-existent.,negative
Customer support is non-existent.,negative
Downloaded it yesterday and already loving it.,positive
Works like a charm on my phone.,positive
Buggy and unreliable. Needs a lot of work.,negative
Customer support is non-existent.,negative
The best app in its category by far.,positive
Support team was very helpful and quick.,positive
Too many ads make it unusable.,negative
Five stars! It's everything I needed.,positive
I regret installing this. Total waste.,negative
Loved the new features in the recent update!,positive
Works like a charm on my phone.,positive
Crashes frequently and loses my data.,negative
Too many ads make it unusable.,negative
"Amazing experience, highly recommend it.",positive
Not what was promised in the description.,negative
Too many ads make it unusable.,negative
I regret installing this. Total waste.,negative
Five stars! It's everything I needed.,positive
"Amazing experience, highly recommend it.",positive
Disappointed with the lack of basic features.,negative
Doesn't work on my device at all.,negative
Excellent performance and beautiful UI.,positive
Buggy and unreliable. Needs a lot of work.,negative
I regret installing this. Total waste.,negative
I regret installing this. Total waste.,negative
The best app in its category by far.,positive
The best app in its category by far.,positive
Customer support is non-existent.,negative
Loved the new features in the recent update!,positive
"Smooth and fast, no bugs at all.",positive
"Smooth and fast, no bugs at all.",positive
Downloaded it yesterday and already loving it.,positive
"Amazing experience, highly recommend it.",positive
Downloaded it yesterday and already loving it.,positive
Not what was promised in the description.,negative
Loved the new features in the recent update!,positive
Five stars! It's everything I needed.,positive
Takes forever to load and freezes often.,negative
Customer support is non-existent.,negative
Excellent performance and beautiful UI.,positive
Disappointed with the lack of basic features.,negative
Buggy and unreliable. Needs a lot of work.,negative
Works like a charm on my phone.,positive
"Amazing experience, highly recommend it.",positive
Support team was very helpful and quick.,positive
Buggy and unreliable. Needs a lot of work.,negative
Not what was promised in the description.,negative
